Designator,Footprint,Quantity,Value,LCSC Part #
"C101, C102, C103, C104, C106, C107",C_0805_2012Metric,6,22uF,C602037
"C105, C108",CP_Elec_8x10,2,220uF,C2895286
"C109, C110, C111, C112, C119, C120",C_0402_1005Metric,6,1nF,C1523
"C113, C114",C_0402_1005Metric,2,47pF,C1567
"C115, C116",C_0402_1005Metric,2,10nF,C15195
"C117, C118",C_0402_1005Metric,2,100nF,C307331
"C121, C122, C123, C124, C125, C126, C127, C128",C_0603_1608Metric,8,22uF,C86295
D101,LL-34_L3.5-W1.5-RD,1,D_Zener,C8062
"D102, D103",D_SMA,2,D_Shockley,C22452
J101,jcon-2pin-m12,1,JCON_M12_02Pin,
J102,jcon-4pin_m16,1,JCON_M16_04Pin,
J103,HDR-TH_8P-P2.54-H-F-R2-C4-S2.54-W10.2,1,Conn_02x04_Odd_Even,C239355
"L101, L102",IND-SMD_L8.0-W8.0_1217AS,2,6.8uF,C83465
Q101,SOT-23,1,Q_PMOS_GSD,C15127
R101,R_1210_3225Metric,1,2M,C304148
R102,R_0805_2012Metric,1,150k,C74850
R103,R_0805_2012Metric,1,22k,C351592
"R104, R110, R112",R_0402_1005Metric,3,100k,C25741
"R105, R106",R_0402_1005Metric,2,33k,C25779
R107,R_0402_1005Metric,1,150k,C25755
"R108, R111",R_0402_1005Metric,2,22k,C25768
R109,R_0402_1005Metric,1,10k,C25744
"U101, U102",SO-8_3.9x4.9mm_P1.27mm,2,TPS54331,C9865
