Designator,Footprint,Quantity,Value,LCSC Part #
BT1,CR1220,1,Battery_Cell,C969906
BZ1,MagneticBuzzer_PUI_AT-0927-TT-6-R,1,Buzzer,C96256
"C1, C11, C12, C13, C14, C2, C21, C27, C3, C37, C38, C8",C_0402_1005Metric,12,220nF,C16772
"C10, C15, C16, C19, C20, C34, C4, C5, C9",C_0603_1608Metric,9,10uF,
"C101, C201",CP_Elec_8x10,2,220uF,C2895286
"C102, C103, C202, C203, C35, C36",C_0805_2012Metric,6,22uF,C602037
"C104, C105, C109, C204, C205, C209",C_0402_1005Metric,6,1nF,C1523
"C106, C206",C_0402_1005Metric,2,47pF,C1567
"C107, C207",C_0402_1005Metric,2,10nF,C15195
"C108, C208",C_0402_1005Metric,2,100nF,C307331
"C110, C111, C22, C23, C24, C25, C26, C28, C29, C30, C31, C32, C33, C7",C_0603_1608Metric,14,22uF,C86295
"C17, C18",C_0402_1005Metric,2,22pF,C1555
Card1,SIM-Nano,1,SIM-Nano,C266889
D1,LL-34_L3.5-W1.5-RD,1,D_Zener,C8062
"D101, D201",D_SMA,2,D_Shockley,C22452
D2,LED_RGB,1,LED_RGB,C375568
"D3, D4",D_SMA,2,D,C95872
D6,SOT-363_L2.0-W1.3-P0.65-LS2.1-TL,1,SMF05CT1G,C15879
"H1, H2, H3, H4",MountingHole_3.5mm,4,MountingHole,
J1,RPi_SMD,1,Raspberry_Pi_2_3,C3975165
"J2, J3",SMD_M2_nut,2,Screw_Terminal_M2_L10,C2928171
J4,JST_XA_B05B-XASK-1-A_1x05_P2.50mm_Vertical,1,Conn_01x05,C225462
J6,SMD_M2_nut,1,Screw_Terminal_01x01,C2928176
"L101, L201",IND-SMD_L8.0-W8.0_1217AS,2,6.8uF,C83465
"L2, L3",L_Taiyo-Yuden_NR-40xx,2,4.7uH,C354574
Q1,SOT-23,1,Q_PMOS_GSD,C15127
"R1, R10, R104, R12, R13, R14, R15, R16, R20, R203, R21, R9",R_0402_1005Metric,12,100k,C25741
"R101, R201",R_0402_1005Metric,2,33k,C25779
"R102, R204",R_0402_1005Metric,2,22k,C25768
"R103, R11, R28, R34",R_0402_1005Metric,4,10k,C25744
"R17, R18, R19, R22, R23, R24, R25, R26, R27, R29, R30, R31, R32, R33, R8",R_0402_1005Metric,15,22ohm,C25092
"R2, R3, R4, R5",R_0603_1608Metric,4,180R,C22828
R202,R_0402_1005Metric,1,150k,C25755
R6,R_0402_1005Metric,1,390k,C2943536
R7,R_0603_1608Metric,1,1M,C22935
RF2,ANT-SMD_KH-IPEX-K501-29,1,KH-IPEX-K501-29,C411563
"TP1, TP12, TP2, TP3, TP4",TestPoint_Pad_1.0x1.0mm,5,TestPoint,
U1,VQFN-20-1EP_3x3mm_P0.4mm_EP1.7x1.7mm,1,ATtiny1616-M,C507118
U10,TSOT-23,1,ME6216A28XG,C427601
"U101, U201",SO-8_3.9x4.9mm_P1.27mm,2,TPS54331,C9865
U11,MOLEX_105028-1001,1,Flir_LEPTON,1050281001
U12,Oscillator_SMD_Abracon_ASE-4Pin_3.2x2.5mm,1,3N25000G33YC,C252341
"U13, U14",TSOT-23-5,2,TD6810,C16510
U15,WLP-4_0.86x0.86mm_P0.4mm,1,MMC5633NJL,C404328
U16,Ai-Thinker-Ra-01-LoRa,1,Ai-Thinker-Ra-01,C503593
U2,Sensirion_DFN-8-1EP_2.5x2.5mm_P0.5mm_EP1.1x1.7mm,1,SHT30-DIS,C77361
U3,M.2,1,SIM7600G-H-M.2,C2761526
U4,SOT-23-5,1,ME6211,C82942
U6,MIC_SPH0645LM4H-B,1,SPH0645LM4H,C2686054
U7,SOIC-8_3.9x4.9mm_P1.27mm,1,PCF8563T,C7440
U9,TQFN-16-1EP_3x3mm_P0.5mm_EP1.23x1.23mm,1,MAX98357,C910544
Y1,Crystal_SMD_3215-2Pin_3.2x1.5mm,1,Crystal,C32346
